1;00:26;3419.6907110672964;44.825008626698015;6.41503449369598;18.222186979620965;35.270795337403854;48.687653635714851734.0579155815972;33.62935572293849;10.175438596491228;22.31578947368421;41.12280701754386;63.228070175438596
2;00:26;1833.583109022696;34.86249442382201;7.469669336293712;20.363175005947188;39.901673142494644;55.253350249781931711.9257500542535;33.926013585321265;4.56140350877193;21.19298245614035;39.1578947368421;49.89473684210526
3;00:26;1792.7847252954411;34.44239294458542;7.366584727618745;20.505907541035604;40.70256125604631;55.590357624296251682.3856662326389;33.43695216490552;7.43859649122807;21.12280701754386;39.92982456140351;55.96491228070175
4;00:24;1778.1871228181863;34.23572263918849;7.374514312901435;21.243358972325748;41.091110934898104;56.5379430655776641679.3525539822049;33.925590814640316;6.947368421052632;19.719298245614034;39.50877192982456;53.36842105263158
5;00:23;1734.9312575714498;33.77924212061403;7.921655697407026;21.790500356831338;41.80477361034018;58.536198556815481634.122287326389;32.87422570247276;7.298245614035087;22.526315789473685;41.333333333333336;57.789473684210535
6;00:27;1704.474662220629;33.55056207532118;7.834430259297439;21.552612798350648;42.25675997145349;58.349853302672271625.714879014757;32.31104718875262;8.0;24.210526315789473;44.49122807017544;62.45614035087719
7;00:24;1688.576403963113;33.31809281699265;7.850289429862818;21.70327491872175;42.6373800650226;58.722543810958681602.1708997938367;32.78514947891235;7.298245614035087;21.614035087719298;41.333333333333336;56.87719298245614
8;00:25;1667.4239948514141;33.15918132786006;7.715486480057093;21.972880818333202;43.018000158591704;58.912853857743241587.7968315972223;32.659903061623666;7.508771929824562;21.12280701754386;41.54385964912281;56.91228070175439
9;00:24;1647.693837148932;32.819868622952875;8.34192371738958;22.464515105859963;43.39862025216081;60.847672666719531565.028781467014;31.567470156289392;9.333333333333334;25.19298245614035;46.45614035087719;67.08771929824562
10;00:25;1614.2076544266713;32.54282314988631;7.834430259297439;22.29799381492348;43.43033859329157;59.682023630164141595.504081217448;32.97503992155487;7.157894736842105;19.57894736842105;42.31578947368421;55.05263157894737
11;00:26;1609.4745725993869;32.39448871813746;8.34192371738958;22.631036396796446;44.00919831892792;61.3194829910395641582.8177937825521;32.77966535075817;7.228070175438597;19.649122807017545;42.175438596491226;55.192982456140356
12;00:27;1597.6677204373516;32.207435830434164;8.38157164380303;22.757909761319482;44.78629767663151;61.914201887241291523.20537109375;31.272541349386078;7.859649122807017;24.280701754385966;45.96491228070175;62.98245614035088
13;00:25;1585.778171819373;31.967402536657794;8.698755055110619;23.70153040995956;45.00832606454682;63.6032035524542041514.6379570855036;31.111764124639674;8.701754385964913;24.49122807017544;46.666666666666664;65.22807017543859
14;00:25;1568.059382262411;31.777112989385422;8.548092934739513;23.566727460153835;45.83300293394655;63.579414796606131540.5937093098958;30.737060208725776;9.68421052631579;27.57894736842105;49.05263157894737;71.47368421052632
15;00:25;1570.608411417128;31.797600111880886;8.532233764174133;23.241614463563554;45.809214178098486;63.210689080961071622.816029188368;33.31398107039383;6.87719298245614;19.789473684210527;41.05263157894737;54.07017543859649
16;00:24;1567.1383306962025;31.785000278376327;8.36571247323765;23.479502022044247;45.603044960748555;63.012449448893821502.1460150824653;30.649519276774786;9.052631578947368;26.526315789473685;47.85964912280702;68.56140350877193
17;00:24;1566.6931381032437;31.668624730653402;8.65117754341448;24.169375941638254;46.2612005392118;64.602331298073121509.7367241753473;30.445049856846627;9.68421052631579;27.228070175438596;49.68421052631579;71.43859649122807
18;00:27;1546.9803449799742;31.420664231083062;8.318134961541512;24.462770597097773;46.181904686384904;64.189992863373251545.2505533854167;32.20605328799853;6.947368421052632;21.403508771929825;43.578947368421055;57.08771929824562
19;00:23;1528.58423222409;31.30390303165098;9.079375148679723;24.25660137974784;46.15018634525414;65.490444849734361547.5317287868925;30.37853511673173;11.228070175438596;27.789473684210527;51.01754385964912;75.75438596491227
20;00:25;1528.3088425262065;31.247611170982008;8.992149710570137;24.232812623899772;46.705257315042424;65.569740702561261537.7086412217882;30.295482702192917;10.736842105263158;27.649122807017545;50.80701754385965;74.52631578947368
21;00:24;1509.2930267720283;31.010014354528757;9.079375148679723;24.724446911426533;46.93521528824043;66.35080485290621486.840219455295;31.05646442525527;8.350877192982455;23.649122807017545;46.03508771929825;63.368421052631575
22;00:25;1544.7670354529273;31.400639107257504;8.968360954722067;24.47862976766315;46.443581000713664;65.637142177464111622.5906480577257;30.692918252944946;11.649122807017545;28.982456140350877;52.35087719298246;78.45614035087719
23;00:26;1527.9121024216279;31.13902408905673;9.111093489810482;24.77995400840536;47.323764967092224;66.664023471572431466.7352511935765;30.575037051337993;9.333333333333334;24.42105263157895;47.50877192982456;66.84210526315789
24;00:27;1509.237209271781;30.95782679978302;8.881135516612481;24.74030608199191;47.76782174292285;66.38648798667831463.7065931532118;30.16158734614553;8.982456140350877;26.035087719298247;49.473684210526315;68.73684210526315
25;00:26;1497.8269765346865;30.851386881478224;9.071445563397035;24.970264055189915;47.25239869954802;66.7393545317581465.8367865668404;30.72177623159745;8.631578947368421;23.789473684210527;47.08771929824562;64.59649122807018
26;00:24;1516.461629592316;30.98687389953227;9.333121877725794;25.04163032273412;47.4189199904845;67.417334073427951453.832701280382;30.390332056650152;8.912280701754385;25.12280701754386;48.21052631578947;67.05263157894737
27;00:23;1495.53742737589;30.791526831403562;8.746332566806757;25.06541907858219;48.01363888668622;66.564903655538811451.8074693467881;29.945576025457942;8.912280701754385;26.596491228070175;49.6140350877193;69.2280701754386
28;00:28;1503.5402142874802;30.80709705116377;9.4837839980969;25.62841963365316;47.49821584331139;68.345095551502651552.815450032552;32.281112305011625;7.9298245614035086;21.19298245614035;43.228070175438596;58.66666666666667
29;00:26;1491.0408207760581;30.716060421889342;9.333121877725794;25.39846166045516;47.831258425184366;67.980334628498921481.2770345052083;31.10812206922793;8.771929824561404;23.228070175438596;46.94736842105263;64.24561403508773
30;00:25;1494.4330334627175;30.74165026009837;9.222107683768138;25.247799540084053;47.82332883990167;67.603679327571171432.7683865017361;30.008979107351863;8.982456140350877;26.736842105263158;49.40350877192982;69.40350877192982
31;00:26;1483.0915595332278;30.56667523761339;9.317262707160415;25.691856315914677;48.45769566251685;68.555229561493931431.8022054036458;30.084653908131166;8.56140350877193;25.82456140350877;49.05263157894737;67.47368421052632
32;00:27;1486.6062629796281;30.635864971207162;9.222107683768138;25.255729125366745;47.98985013083816;67.69486955832211430.395905219184;30.169209029160296;8.210526315789474;25.12280701754386;48.421052631578945;65.75438596491227
33;00:26;1472.0539884543118;30.494444774575374;9.134882245658552;25.08127824914757;48.22773768931885;67.46491158512411430.6510470920139;30.21002474999895;8.842105263157896;24.842105263157894;48.49122807017544;66.7719298245614
34;00:24;1459.9617955461333;30.369671954359184;9.523431924510348;25.68392673063199;48.39425898025533;68.927920069780361418.6237711588542;29.704191254011164;9.333333333333334;27.087719298245613;50.526315789473685;71.01754385964912
35;00:25;1456.4258216954486;30.293003351527428;9.245896439616208;25.549123780826264;48.314963127428435;68.19839822377291423.7381388346355;30.135589476504357;8.350877192982455;24.842105263157894;48.70175438596491;65.89473684210526
36;00:24;1446.1190459046184;30.2143284898267;9.21417809848545;25.41432083102054;48.38632939497264;68.035841725477771434.057839626736;30.42346067786996;8.0;24.210526315789473;48.35087719298246;64.3859649122807
37;00:25;1437.5624139327037;30.073194732545296;9.412417730552692;25.58877170723971;48.94140036476092;68.884307350725551435.6151557074652;30.467917594099355;7.719298245614035;23.719298245614034;47.78947368421053;63.05263157894737
38;00:25;1448.0713682343687;30.169947525997202;9.555150265641107;25.85837760685116;48.50527317421299;69.221314725239861394.3811265733507;29.565772894940345;9.12280701754386;25.964912280701753;50.666666666666664;69.54385964912281
39;00:27;1421.8779358682752;29.890346091910253;9.055586392831655;25.985250971374196;49.4171754817223;68.805011497898661389.97880859375;29.410305150038276;9.68421052631579;26.24561403508772;50.73684210526316;70.98245614035088
40;00:25;1437.6737681714794;30.10410573228502;9.404488145270003;25.842518436285783;49.02069621758782;69.16184283561971401.8643405490452;29.181567796850516;10.105263157894736;28.280701754385966;51.1578947368421;74.0701754385965
41;00:26;1414.73588245247;29.79736417095621;9.705812386012212;26.270716041551026;49.51233050511458;70.438506066132751392.366413031684;29.687662756520936;8.982456140350877;25.12280701754386;49.473684210526315;67.82456140350877
42;00:25;1419.7658047060422;29.886444889015284;9.412417730552692;26.15970184759337;49.43303465228769;69.701054634842591372.7659545898437;29.129659168237175;8.631578947368421;26.94736842105263;51.29824561403509;69.85964912280701
43;00:27;1407.2470988985858;29.734740582708945;9.49964316866228;26.4451669177702;49.31409087304734;70.101498691618431444.433551703559;29.203367517041226;10.736842105263158;30.24561403508772;52.63157894736842;78.03508771929825
44;00:25;1400.2819443328472;29.614637212964553;9.832685750535248;26.667195305685514;49.63127428435493;71.148203948933471457.6674343532986;30.810096008481544;8.56140350877193;23.57894736842105;45.68421052631579;63.54385964912281
45;00:27;1394.159603611427;29.472135012034123;10.149869161842835;26.809927840773927;50.36872571564507;72.294029022282131356.744133843316;28.92365816449807;9.12280701754386;27.719298245614034;51.719298245614034;71.82456140350877
46;00:26;1387.9825850474683;29.469193297398242;9.697882800729522;26.2152089445722;50.20220442470859;70.712076758385541363.4708184136284;29.36431711686203;9.333333333333334;25.54385964912281;50.666666666666664;69.54385964912281
47;00:25;1375.6636664668215;29.35774583564403;9.666164459598763;26.595829038141304;50.495599080168105;71.175957497422871362.572307671441;29.37983398655661;8.070175438596491;25.12280701754386;50.59649122807018;66.56140350877193
48;00:26;1379.2658777937104;29.355591342673648;10.04678455316787;26.79406867020855;50.08326064546824;71.92926809927841345.5393608940972;28.992673004063125;9.12280701754386;25.82456140350877;51.36842105263158;69.75438596491229
49;00:24;1367.2197502039655;29.205319033544274;10.30053128221394;26.984378716993103;50.44802156847197;72.809452065656971344.7235134548612;28.933940321947233;8.842105263157896;26.24561403508772;51.64912280701754;69.75438596491227
50;00:25;1373.7524709194522;29.412460627919263;9.317262707160415;26.4451669177702;49.91673935453176;70.03806200935691372.6856906467015;28.55142821392982;10.456140350877194;29.19298245614035;53.54385964912281;76.87719298245614
51;00:26;1359.6868596716772;29.251048698354875;9.333121877725794;26.47688525890096;50.40837364205852;70.34731583538181333.132722981771;28.731002885531755;8.350877192982455;26.80701754385965;52.0;69.50877192982456
52;00:25;1349.780970551696;29.02995203089142;9.602727777337245;27.02402664340655;51.169613829196734;71.81428911267941341.2887112087674;28.52409109196632;9.473684210526315;29.19298245614035;52.63157894736842;74.45614035087719
53;00:25;1363.3961540125592;29.146296274906735;9.927840773927525;27.05574498453731;50.51938783601618;72.171120450400451335.1170111762153;29.011223982673847;8.771929824561404;25.75438596491228;51.64912280701754;69.12280701754386
54;00:24;1362.109752799891;29.20753536448826;9.76924906827373;27.27777337245262;50.503528665450794;72.068035841725481320.4371392144096;28.33854650516136;9.75438596491228;28.982456140350877;52.771929824561404;74.87719298245614
55;00:24;1350.2207057518294;29.008629187232646;9.911981603362145;27.86456268337166;50.93172627071604;73.154389025453971323.2955132378472;28.522836702010213;8.56140350877193;28.63157894736842;52.14035087719298;71.82456140350877
56;00:24;1342.8701060621045;28.90137555692895;9.697882800729522;27.428435492823727;51.161684243914046;72.405043216239791323.3651760525174;28.842789768237694;9.12280701754386;26.385964912280702;51.29824561403509;70.28070175438597
57;00:24;1331.4274558538123;28.81765448675503;10.173657917690905;27.737689318848624;51.470938069938946;73.82047418919991307.2108561197917;28.507920834909076;8.982456140350877;26.87719298245614;52.91228070175438;71.29824561403508
58;00:26;1328.0997685299644;28.859114522868097;9.74546031242566;27.452224248671794;50.40837364205852;72.147331694552381325.7158976236979;28.853466801394045;9.263157894736842;26.385964912280702;51.36842105263158;70.59649122807018
59;00:23;1325.260012546974;28.773587862402202;10.237094599952423;27.396717151692968;51.18547299976211;73.463642851478871317.6160115559896;28.798980321292003;8.701754385964913;26.24561403508772;51.64912280701754;69.47368421052632
60;00:26;1327.0919571116;28.721518426313054;9.808896994687178;27.674252636587106;51.6612481167235;73.122670684323211299.7473008897568;28.28269444571601;9.403508771929825;27.789473684210527;53.26315789473684;73.2280701754386
61;00:24;1317.0174399846717;28.61526011454987;10.01506621203711;28.054872730156212;51.470938069938946;73.82047418919991309.610701497396;28.455679927308573;9.824561403508772;28.63157894736842;52.63157894736842;74.59649122807018
62;00:26;1314.8655111192147;28.527208272814125;10.57806676710808;28.261041947506147;51.87534691935612;75.354848941400381370.7072523328993;29.750786581538083;8.771929824561404;23.859649122807017;48.63157894736842;65.71929824561403
63;00:25;1307.507732149921;28.446821669649474;10.554278011260012;28.48307033542146;51.77226231068115;75.477757513282061316.3078993055556;28.182484809713422;9.964912280701755;29.75438596491228;52.98245614035088;76.17543859649123
64;00:23;1303.314133887955;28.467011958825942;10.363967964475458;27.983506462612006;51.70882562841963;74.565855205772751338.3539727105035;29.20699054571538;9.12280701754386;24.771929824561404;50.526315789473685;68.28070175438597
65;00:24;1316.721853676325;28.672392342467536;9.705812386012212;27.650463880739036;51.85948774879074;72.991832527158831302.573124186198;28.132660025397158;10.105263157894736;29.403508771929825;52.771929824561404;76.0
66;00:26;1304.3769087779372;28.49037055321635;9.975418285623661;28.205534850527318;51.843628578225356;74.078185710887311290.2858344184028;28.093530104518717;10.035087719298245;29.263157894736842;53.19298245614035;75.9298245614035
67;00:24;1280.2465934656843;28.29324242973126;10.260883355800491;27.896281024502418;52.1211640631195;74.478629767663151286.7281833224827;28.22895416434294;9.473684210526315;27.57894736842105;52.421052631578945;72.73684210526315
68;00:25;1283.9687538629846;28.24178121278243;10.403615890888906;28.831972087859803;52.05772738085798;75.66806756006661281.984151204427;27.886111444585463;10.596491228070175;30.24561403508772;53.26315789473684;78.0701754385965
69;00:25;1292.3627717995946;28.378469647810583;10.689080961065736;28.15002775354849;51.74847355483308;75.40242645309651326.0489786783853;29.090690056171294;8.842105263157896;25.12280701754386;50.59649122807018;68.10526315789474
70;00:25;1282.5898471494265;28.273035326837423;10.419475061454285;28.221394021092696;52.08944572198874;75.105067004995631285.4282836914062;28.22884709959716;8.421052631578947;27.43859649122807;52.771929824561404;70.66666666666666
71;00:25;1282.7777750908574;28.245657640554104;10.665292205217668;28.181746094679248;52.39869954801364;75.71168027912141282.2129313151042;28.10492571179384;8.56140350877193;29.263157894736842;52.56140350877193;72.66666666666666
72;00:24;1251.9005882552908;27.817503487910557;11.16485607802712;28.824042502577115;52.92998176195385;77.618745539608281292.8584703233507;28.54232818519368;8.701754385964913;25.964912280701753;51.78947368421053;69.26315789473684
73;00:24;1276.6167746242088;28.13474280898644;10.728728887479186;28.467211164856078;52.525572912536674;76.187455396082781309.6495103624131;27.852252940414775;10.736842105263158;31.228070175438596;54.3859649122807;79.89473684210526
74;00:24;1275.3807146675979;28.17062445010377;10.181587502973594;28.39584489731187;52.27975576877329;74.898897787645711273.7183119032118;28.033818332821713;9.614035087719298;28.771929824561404;53.75438596491228;74.87719298245614
75;00:25;1253.4976340764686;27.89716377145835;10.823883910871462;28.871620014273255;52.4304178891444;76.734596780588381279.9438937717014;27.717772646667132;11.649122807017545;30.17543859649123;54.10526315789474;80.52631578947368
76;00:24;1267.5698966883406;28.13673373188525;10.197446673538973;28.12623899770042;52.44627705970978;74.744270874633261269.7366333007812;27.976688388438006;9.68421052631579;28.140350877192983;53.75438596491228;74.3859649122807
77;00:26;1262.2775209837323;27.943390695128258;11.204504004440567;28.91919752596939;52.517643327253985;77.587027198477511292.2850206163193;27.83748545023351;11.087719298245615;30.385964912280702;54.24561403508772;79.6842105263158
78;00:27;1248.4295339077335;27.835060766369164;10.633573864086909;28.97470462294822;52.985488858932676;76.734596780588381303.991323513455;27.980237191175323;11.087719298245615;31.36842105263158;53.68421052631579;80.3859649122807
79;00:25;1248.144436838657;27.86267474911486;10.784235984458013;28.89540877012132;52.1211640631195;76.52446277059711267.6467203776042;27.960562183031072;10.87719298245614;28.70175438596491;53.19298245614035;77.05263157894737
80;00:26;1258.608209614814;28.000084410969343;10.324320038062009;28.17381650939656;52.517643327253985;75.081278249147571304.8784681532118;27.82685664790908;12.140350877192983;30.94736842105263;54.10526315789474;82.28070175438597
81;00:26;1255.9859033512164;27.90915343692597;10.8714614225676;28.649591626357942;52.93791134723654;76.861470145111411258.222947862413;27.849117908602445;9.68421052631579;28.63157894736842;53.824561403508774;74.91228070175438
82;00:26;1246.5838675583466;27.8431400012555;10.538418840694632;28.824042502577115;52.723812544603916;76.262786456268341261.6783908420139;27.865452736031774;8.842105263157896;28.42105263157895;53.54385964912281;72.87719298245614
83;00:25;1245.8130420153655;27.758657667754445;10.974546031242566;28.768535405598286;52.97755927364999;77.206407104908411264.4676391601563;28.093488491438574;8.491228070175438;28.842105263157894;52.771929824561404;72.21052631578947
84;00:25;1235.5517647658721;27.76636419125247;10.27674252636587;28.70509872333677;52.91412259138847;75.715645071762751259.040220811632;27.55817570078607;10.456140350877194;29.68421052631579;54.31578947368421;77.75438596491229
85;00:26;1230.2149315170095;27.643144570432508;11.014193957656015;29.014352549361668;52.85861549440964;77.472048211878521294.1586547851562;28.676801145777983;8.771929824561404;26.87719298245614;51.228070175438596;70.03508771929825
86;00:25;1230.4721891379054;27.717395831128968;10.514630084846562;28.99849337879629;52.55729125366744;76.306399175323141245.7059095594618;27.66595857906965;9.473684210526315;29.333333333333332;54.10526315789474;75.33333333333333
87;00:25;1214.5549537368968;27.455546791284867;10.736658472761874;29.03021171992705;53.5881373404171;77.297597335659351278.9925103081598;28.457838821411134;8.771929824561404;27.087719298245613;51.78947368421053;70.52631578947368
88;00:25;1217.239792449565;27.533046013610004;10.823883910871462;28.94298628181746;52.91412259138847;77.047815399254621261.5619045681424;28.08249265571046;9.263157894736842;28.140350877192983;52.771929824561404;73.05263157894737
89;00:25;1221.9027632701245;27.56951763710923;10.530489255411942;28.95884545238284;53.23923558797875;76.63944175719611274.250754123264;28.181319614952685;9.614035087719298;28.280701754385966;51.92982456140351;73.47368421052632
90;00:25;1213.9783887645867;27.492523216744612;10.958686860677187;29.00642296407898;53.040995955911505;77.44429466338911238.4758612738715;27.50517709488962;10.596491228070175;29.19298245614035;54.10526315789474;77.43859649122807
91;00:27;1207.1177430744413;27.444727859668088;10.570137181825391;29.394972642930774;53.08064388232496;77.075568947744031280.28359375;28.450753880014606;8.070175438596491;27.36842105263158;50.666666666666664;68.84210526315789
92;00:26;1197.8434904074368;27.224917350679178;10.673221790500357;29.791451907065262;53.79430655776703;78.03504876694951254.4176459418402;27.329402267854977;11.789473684210526;30.94736842105263;55.01754385964912;82.03508771929825
93;00:24;1205.758068693137;27.405166648913035;10.689080961065736;29.355324716517327;53.47712314645944;77.472048211878521255.7309380425347;27.998147320435717;8.982456140350877;29.12280701754386;52.771929824561404;73.47368421052632
94;00:25;1207.1515847507912;27.43709379933977;10.60185552295615;29.331535960669257;53.37403853778447;77.22226627547381228.7032172309027;27.476722589661094;10.31578947368421;28.771929824561404;54.59649122807018;76.7017543859649
95;00:23;1193.8853381965735;27.304262964635743;10.752517643327254;29.307747204821187;53.31853144080564;77.472048211878521241.5985717773438;27.785272944830602;8.350877192982455;29.19298245614035;53.54385964912281;72.66666666666666
96;00:25;1194.7598261965982;27.345170775818236;10.27674252636587;28.990563793513598;53.37403853778447;76.231068115137571233.523472764757;27.58855960914512;9.473684210526315;29.263157894736842;54.59649122807018;75.50877192982456
97;00:26;1189.0891066925435;27.211003895836413;10.728728887479186;29.617001030846087;53.667433193243994;77.908175402426451237.9076144748265;27.57810349339753;10.385964912280702;28.912280701754387;54.73684210526316;77.05263157894737
98;00:25;1184.8113092736353;27.113470624241472;10.926968519546428;29.363254301800016;54.222504163032276;78.328443422409011222.315875922309;27.340973923097245;11.298245614035087;29.19298245614035;55.01754385964912;79.29824561403508
99;00:23;1176.9308635470234;26.941936101272454;10.990405201807945;30.187931171199747;54.84101181508207;79.589247482356681232.68561062283;27.645696402375215;9.263157894736842;28.771929824561404;53.89473684210526;74.24561403508773
100;00:25;1175.4198972291583;26.966828512949803;11.68027912140195;30.10070573309016;54.08770121322655;80.505114582507331243.626066080729;27.23602482166166;11.929824561403509;30.385964912280702;55.228070175438596;81.85964912280701
101;00:23;1172.7651614032213;26.958530028758545;11.085560225200222;29.77559273649988;54.30972960114186;79.101577987471261228.189341905382;27.20756885522331;11.859649122807017;30.385964912280702;54.31578947368421;81.26315789473685
102;00:25;1170.4991132132616;26.937563444108935;10.958686860677187;29.49805725160574;54.42074379509952;78.625802870509871229.765799967448;27.58783914544224;8.982456140350877;28.56140350877193;53.96491228070175;73.50877192982456
103;00:23;1166.8382628621935;26.923292837025528;10.792165569740703;29.83109983347871;54.21457457774958;78.522718261834911228.0946885850694;27.485333034259824;9.75438596491228;29.05263157894737;55.01754385964912;76.0701754385965
104;00:25;1163.4621033101141;26.874864246194814;11.10934898104829;29.664578542542227;53.7387994607882;78.752676235032911216.551005045573;27.099800982662277;10.456140350877194;30.526315789473685;56.21052631578947;79.54385964912281
105;00:24;1162.6895795218552;26.74686650439688;10.8714614225676;30.552692094203472;54.73792720640711;79.664578542542231229.4852579752603;27.073250783658498;12.350877192982455;31.157894736842106;54.80701754385965;83.26315789473684
106;00:24;1147.1341880315467;26.730585297657658;11.196574419157878;29.86281817460947;54.174926651336136;79.34343033859331221.4699801974825;26.977399416063346;11.508771929824562;30.94736842105263;56.0;81.96491228070175
107;00:25;1147.3628717736353;26.67001780943654;11.101419395765602;30.283086194592023;54.587265086036;79.779557529141211215.048375108507;27.371722276382197;10.456140350877194;29.614035087719298;54.526315789473685;77.78947368421052
108;00:24;1158.9504954664012;26.83068342997932;11.275870271984775;30.11656490365554;54.21457457774958;79.775592736499871240.0510294596354;27.855139856400836;10.385964912280702;28.280701754385966;52.280701754385966;75.19298245614036
109;00:23;1161.9031719738923;26.861180870113934;11.14899690746174;29.965902783284434;54.07184204266117;79.29981761953851209.2289984809029;26.93475428110634;11.157894736842104;30.94736842105263;55.92982456140351;81.22807017543859
110;00:25;1142.9661913135383;26.598043812539444;11.101419395765602;30.37031163270161;54.99960352073587;80.072952184600751217.8143459743924;27.001722407496832;11.719298245614034;30.736842105263158;55.29824561403509;81.82456140350877
111;00:24;1138.8188691344442;26.493380027386962;11.363095710094361;30.61612877646499;55.18991356752042;80.937276980413931234.3137315538195;27.820585021006515;10.456140350877194;28.0;51.78947368421053;74.80701754385964
112;00:24;1135.0431895581983;26.490470267604362;11.442391562921259;30.36238204741892;55.2057727380858;80.850051542304331231.6359320746528;26.99367237916959;12.210526315789474;31.789473684210527;55.92982456140351;84.17543859649123
113;00:25;1140.891811399822;26.62630036941372;11.13313773689636;30.37031163270161;54.587265086036;79.930219649512341199.6785196940104;26.884257654582754;10.947368421052632;31.017543859649123;55.578947368421055;80.7017543859649
114;00:27;1136.4884494443484;26.42266787408305;11.751645388946159;30.98088969946872;55.530885734676076;82.249623344699071204.3616034613715;26.879380692220202;10.87719298245614;30.87719298245614;56.280701754385966;80.77192982456141
115;00:23;1127.1821213734302;26.418004143124108;11.061771469352152;30.600269605899612;55.30092776147807;80.374276425342961203.804234483507;26.848712325251956;11.649122807017545;31.017543859649123;55.78947368421053;82.21052631578948
116;00:24;1132.9175095956537;26.493523867092712;11.386884465942432;29.950043612719053;55.070969788280074;80.259297438743961201.0510281032987;27.11072434366139;10.666666666666666;29.333333333333332;55.29824561403509;78.3157894736842
117;00:24;1127.8419870883604;26.482189855768585;10.895250178415669;30.09277614780747;55.110617714693525;79.438585361985571203.7134345160591;27.13617125687256;10.456140350877194;30.17543859649123;54.59649122807018;78.38596491228071
118;00:23;1117.0832636965981;26.35054282277571;11.037982713504084;30.6874950440092;55.03132186186662;80.279121401950681203.5137749565972;26.92247879972645;10.175438596491228;30.24561403508772;55.719298245614034;78.45614035087719
119;00:26;1122.0041274444966;26.34171112660743;11.45032114820395;30.766790896836095;55.36436444373959;81.349615415113791209.1404825846355;26.91297912659988;12.280701754385966;31.017543859649123;55.85964912280702;83.50877192982456
120;00:24;1111.0829905063292;26.239629356193706;11.204504004440567;30.473396241376577;55.30885734676077;80.536832923638091208.332987467448;26.817896975333397;11.508771929824562;31.29824561403509;56.70175438596491;82.66666666666667
121;00:23;1126.083691869808;26.488767467574355;10.689080961065736;29.950043612719053;55.2057727380858;78.931091903893421192.468665907118;26.830884033013014;11.298245614035087;30.24561403508772;55.78947368421053;80.73684210526315
122;00:24;1100.1344266867336;26.120186254111776;11.10934898104829;30.275156609309334;55.81635080485291;80.402029973832371192.6404106987848;26.82914593134051;11.228070175438596;31.228070175438596;56.280701754385966;81.82456140350877
123;00:23;1094.3954140192345;26.023201470511754;11.315518198398223;30.86987550551106;55.95908333994132;81.480453572278171203.9901326497395;27.134421940722497;11.087719298245615;29.894736842105264;53.68421052631579;78.91228070175438
124;00:23;1084.9983544458316;25.88615712273418;10.990405201807945;30.6874950440092;56.418999286337325;80.877805090793741191.3503404405383;26.758834258793225;12.350877192982455;30.526315789473685;55.29824561403509;82.87719298245614
125;00:27;1099.9460871056665;26.116017939518148;11.085560225200222;31.21877725794941;55.792562049004836;81.286178732852261194.8534586588542;26.899073695746903;9.964912280701755;31.087719298245613;56.14035087719298;79.08771929824562
126;00:25;1093.1657806010187;26.039185705576642;11.363095710094361;30.568551264768853;55.56260407580684;81.0760447228611213.8303114149305;26.869986751032812;11.859649122807017;31.36842105263158;56.0;83.08771929824562
127;00:26;1094.5691175243524;26.040991405411802;11.093489810482911;31.028467211164855;55.83220997541829;81.131551819839831181.9902845594618;26.603940857703392;11.228070175438596;30.80701754385965;56.35087719298246;81.43859649122807
128;00:25;1092.7634699954262;26.050101507164513;11.10934898104829;30.9174530172072;55.70533661089525;80.98881928475141187.5297824435763;26.737880688009696;11.789473684210526;30.94736842105263;56.07017543859649;82.56140350877193
129;00:26;1086.3680953013745;25.90304256914663;11.283799857267464;31.076044722860996;56.40314011577195;81.84521449528191180.3991672092013;26.68470769201229;11.508771929824562;30.385964912280702;55.50877192982456;81.15789473684211
130;00:24;1077.4940412690369;25.798520262845898;11.823011656490365;31.060185552295614;55.83220997541829;82.622313852985491183.0808661566841;26.637706115744475;12.280701754385966;31.36842105263158;56.421052631578945;84.14035087719299
131;00:23;1090.8922365599042;26.064972606645544;10.982475616525257;30.457537070811195;55.372294029022285;80.108635318372851187.0671508789062;26.692643433380752;11.017543859649123;30.94736842105263;56.07017543859649;81.01754385964912
132;00:24;1080.5387721580796;25.796881319186355;11.624772024423123;31.099833478709062;56.83926730631988;82.769011180715241179.181019422743;26.599710633084666;12.140350877192983;31.36842105263158;55.578947368421055;83.43859649122808
133;00:26;1083.4872241829014;25.887105634940575;11.39481405122512;31.099833478709062;56.418999286337325;82.098961224327971197.2450412326389;26.650236907114394;11.157894736842104;31.719298245614034;56.56140350877193;82.31578947368422
134;00:24;1077.242422601241;25.736616830918386;11.807152485924986;31.607326936801204;56.53001348029498;83.486638648798671177.575934516059;26.67245765651753;11.157894736842104;30.31578947368421;55.85964912280702;80.56140350877193
135;00:24;1074.4542439521113;25.779397437707345;11.188644833875188;31.456664816430102;56.26833716596622;81.968123067163591188.477330186632;26.943863767736097;10.31578947368421;30.24561403508772;54.3859649122807;78.0701754385965
136;00:23;1059.9692648585838;25.619048079166102;11.941955435730712;31.226706843232098;56.48243596859884;83.351835698992941195.8005520290799;26.701038188560332;11.578947368421053;31.228070175438596;56.0;82.3859649122807
137;00:26;1052.4568002435226;25.501478404653916;11.664419950836571;31.932439933391485;56.27626675124891;83.399413210689091175.6873548719618;26.667215164346636;10.947368421052632;30.87719298245614;56.0;80.7719298245614
138;00:25;1066.6080258526379;25.712047013722138;11.489969074617397;31.091903893426373;56.18111172785663;82.162397906589491172.5188042534721;26.482096297678602;11.649122807017545;31.859649122807017;56.07017543859649;83.19298245614036
139;00:27;1073.8806930348842;25.755477094665984;11.45032114820395;31.23463642851479;56.5934501625565;82.432003806200941216.387325032552;26.846156751252465;12.070175438596491;31.50877192982456;56.63157894736842;83.96491228070175
140;00:27;1068.895207581339;25.738150799287805;11.4106732217905;31.50424232812624;56.29212592181429;82.471651732614391177.5142564561631;26.526926706117745;11.43859649122807;32.35087719298246;56.421052631578945;83.43859649122808
141;00:24;1056.2414316684385;25.579523437177834;11.339306954246293;31.456664816430102;56.53794306557767;82.404250257711521189.2401801215278;26.602184611753703;11.298245614035087;31.36842105263158;56.56140350877193;82.24561403508773
142;00:27;1064.462095622775;25.689820851402096;11.577194512726985;31.21084767266672;55.99873126635477;82.364602331298071177.5145982530382;26.797861851742063;10.947368421052632;30.45614035087719;55.78947368421053;80.24561403508771
143;00:26;1050.5759305929837;25.604862371470606;11.331377368963603;30.544762508920783;56.625168503687256;81.520101498691621168.8249389648438;26.4931253082612;11.298245614035087;31.228070175438596;55.85964912280702;81.75438596491227
144;00:25;1044.0561940639834;25.391314879927453;11.006264372373325;31.345650622472444;57.38640869082547;82.051383712631831179.1729654947917;26.51747808542127;11.789473684210526;31.43859649122807;56.21052631578947;83.12280701754386
145;00:24;1037.1855930762954;25.377850628880005;11.474109904052018;31.036396796447544;57.02164776782174;82.495440488462451168.2554456922744;26.438483469158992;10.456140350877194;32.421052631578945;56.07017543859649;81.36842105263158
146;00:24;1040.5312158512163;25.39026516564819;11.838870827055745;31.456664816430102;56.79168979462374;83.530251367853471165.4053941514758;26.457054392808402;11.087719298245615;32.0;56.421052631578945;82.38596491228071
147;00:26;1038.3223921763747;25.43218317443057;11.117278566330981;31.20291808738403;56.204900483704705;81.539925461898351167.7891276041667;26.519485582791123;11.508771929824562;31.50877192982456;56.280701754385966;82.66666666666667
148;00:25;1032.0586241903184;25.267111416689204;11.70406787725002;31.424946475299343;57.299183252715885;83.482673856157331162.9118367513022;26.368097178063362;11.649122807017545;31.92982456140351;56.280701754385966;83.36842105263159
149;00:26;1053.1642659247675;25.56625912971323;11.68027912140195;31.424946475299343;56.775830624058365;83.173420030132421179.5675062391492;26.51571413286371;10.947368421052632;31.92982456140351;56.280701754385966;81.96491228070175
150;00:24;1035.0644372095035;25.29170056588099;12.076758385536436;31.869003251129968;56.680675600666085;84.362857822535891166.4828545464409;26.504254114705752;10.526315789473685;31.43859649122807;56.98245614035088;80.98245614035088
151;00:25;1024.5125452741793;25.14393434552358;11.815082071207677;31.916580762826104;57.70359210213306;84.398540956307981160.3906711154514;26.28498643574372;11.157894736842104;32.63157894736842;56.70175438596491;83.29824561403508
152;00:26;1029.0845172350919;25.177242586739705;12.401871382126714;32.408215050352865;57.10887320593133;85.766394417571961161.8747667100695;26.422124353343367;10.31578947368421;31.719298245614034;56.771929824561404;80.73684210526315
153;00:24;1015.6226554774031;25.05696784003249;11.783363730076918;32.11482039489335;57.43398620252161;84.398540956307981173.2096286349827;26.39381431933322;10.947368421052632;31.36842105263158;56.421052631578945;81.47368421052632
154;00:24;1025.3922186356556;25.164100597023314;11.68027912140195;31.575608595670445;57.41812703195623;83.645230354452471170.2147705078125;26.44513825053483;10.807017543859649;31.92982456140351;56.70175438596491;81.89473684210526
155;00:27;1015.6404142355617;25.105622881892987;12.045040044405678;31.512171913408928;56.894774403298705;84.049639203869631161.3396158854166;26.438386950150036;11.017543859649123;31.43859649122807;56.21052631578947;81.57894736842105
156;00:26;1029.2798051665102;25.338008184825316;11.355166124811673;31.13155181983982;57.08508445008326;82.384426294504791161.4728000217015;26.354017198787016;11.087719298245615;32.14035087719298;56.21052631578947;82.42105263157895
157;00:24;1025.5783480487291;25.30198242957566;11.664419950836571;31.060185552295614;56.70446435651415;82.741257632225821167.9096435546876;26.441795798064838;10.596491228070175;32.07017543859649;56.56140350877193;81.54385964912281
158;00:26;1010.2352673494363;24.993737772725254;11.862659582903815;31.98794703037031;57.822535881373405;84.624534136864641219.5242201063368;26.876337654606193;12.210526315789474;32.280701754385966;55.85964912280702;84.63157894736842
159;00:24;1029.435227869734;25.26242188791654;11.41860280707319;32.05931329791452;57.08508445008326;83.439061137102531160.279939778646;26.38537561776591;11.508771929824562;32.07017543859649;57.12280701754386;83.64912280701755
160;00:24;1012.8916833032536;25.082657058263504;11.941955435730712;32.225834588851;56.69653477123146;84.458012845928151162.02825656467;26.262835872017483;11.508771929824562;32.421052631578945;56.91228070175438;83.89473684210526
161;00:24;1001.7231650050683;24.93525132447764;12.171913408928713;32.11482039489335;57.44984537308699;85.183569899294271158.49814453125;26.308006770392648;11.368421052631579;32.07017543859649;56.771929824561404;83.19298245614036
162;00:24;999.0737442209751;24.781167369502505;12.24327967647292;32.408215050352865;58.21901514550789;86.004281976052651153.0604709201389;26.233273823354757;11.43859649122807;31.719298245614034;56.35087719298246;82.77192982456141
163;00:26;997.5096394599238;24.886710089199905;11.854729997621124;31.78970739830307;57.73531044326382;84.366822615177231207.682756890191;26.73745720176136;11.929824561403509;31.719298245614034;56.421052631578945;83.78947368421052
164;00:24;1016.4456179075603;25.05913531714068;12.132265482515265;32.01966537150107;57.85425422250416;85.211323447783681165.7970255533853;26.342534137940877;11.43859649122807;31.789473684210527;56.771929824561404;83.05263157894737
165;00:23;1011.370127694818;24.999215267047497;12.163983823646022;31.662834033780033;57.5925779081754;84.787090635159791160.0525621202257;26.40496403352887;10.596491228070175;31.649122807017545;57.26315789473684;81.47368421052632
166;00:24;1006.1392341710344;24.998604235461745;11.616842439140433;31.916580762826104;57.71152168741575;84.006026484814841158.71083984375;26.28087109919467;10.87719298245614;32.771929824561404;56.49122807017544;82.7719298245614
167;00:23;1006.9574470616594;24.957760700162204;11.743715803663468;32.202045833002934;57.71152168741575;84.545238284037741154.063434516059;26.243754078788697;11.649122807017545;32.14035087719298;56.63157894736842;83.75438596491227
168;00:25;1000.3466113899327;24.859223036779255;11.9498850210134;31.916580762826104;58.187296804377134;84.909999207041471160.9547539605035;26.2457837316725;11.298245614035087;32.91228070175438;56.91228070175438;83.96491228070175
169;00:27;1009.0884355376038;24.99622919608206;11.545476171596226;32.11482039489335;57.73531044326382;84.07342795971771158.0054728190105;26.25443605574128;11.649122807017545;32.280701754385966;57.12280701754386;84.14035087719299
170;00:26;1001.7968359065961;24.86626004502177;11.886448338751883;32.503370073745145;58.11593053683293;85.334232019665381177.1892483181423;26.41152934957953;11.578947368421053;31.859649122807017;56.421052631578945;83.2280701754386
171;00:27;1000.7977885958514;24.89217356083451;12.029180873840298;32.202045833002934;57.73531044326382;85.128062802315441158.9279730902779;26.19340127461097;12.0;32.35087719298246;57.6140350877193;85.15789473684211
172;00:25;1000.95595452031;24.98213847524443;11.577194512726985;31.369439378320514;57.21195781460629;83.129807311077631155.3701619466146;26.21790271584505;10.947368421052632;32.771929824561404;57.824561403508774;83.57894736842105
173;00:24;994.6234929724585;24.771933655497396;11.957814606296091;32.16239790658948;57.767028784394576;84.961541511378951163.9246256510417;26.291447089154737;12.280701754385966;32.14035087719298;56.70175438596491;85.05263157894737
174;00:25;997.1671920583218;24.84420057324465;11.561335342161605;32.43993339148363;58.16350804852906;84.644358100071371157.1626505533854;26.158611793767392;11.859649122807017;32.771929824561404;56.91228070175438;84.94736842105263
175;00:24;995.8650261601315;24.830195934811947;12.029180873840298;32.27341210054714;57.78288795495995;85.223217825707721153.1510226779515;26.140653422572253;11.859649122807017;32.771929824561404;56.56140350877193;84.7719298245614
176;00:25;990.5883525606952;24.726300819903486;12.108476726667195;32.416144635635554;58.0604234398541;85.6633098088971150.9968410915799;26.238546813819923;11.43859649122807;31.719298245614034;56.771929824561404;82.98245614035088
177;00:26;984.7540922140773;24.726793336253692;11.894377924034574;32.05138371263183;57.95733883117913;84.818808976290541165.4989691840278;26.270495700875138;12.140350877192983;32.21052631578947;57.54385964912281;85.26315789473685
178;00:26;972.9108050768889;24.505776207120736;12.623899770042026;32.60645468242011;58.28245182776941;86.995480136388861150.1529988606771;26.19925860450938;11.087719298245615;32.49122807017544;57.473684210526315;83.40350877192984
179;00:25;991.3957852520521;24.815843541888746;11.69613829196733;32.06724288319721;58.02077551344065;84.469907223852191188.9691786024305;26.491711586791705;11.43859649122807;32.421052631578945;56.0;83.29824561403508
180;00:23;980.3130046989344;24.64056235121304;11.96574419157878;32.5350884148759;58.28245182776941;85.607802711918171148.0633395724826;26.14900919970344;11.719298245614034;32.280701754385966;57.54385964912281;84.49122807017544
181;00:24;990.0429785619808;24.683028016250212;11.918166679882642;32.86813099674887;58.48862104511934;85.948774879073821152.5201022677952;26.146586526180403;11.228070175438596;32.49122807017544;57.19298245614035;83.54385964912281
182;00:23;999.411440074293;24.84966243248637;11.688208706684641;32.34477836809135;57.68773293156768;84.565062247244471157.0425415039062;26.174894883858613;10.947368421052632;32.49122807017544;57.12280701754386;82.94736842105263
183;00:23;990.9380481575109;24.706447896779466;12.671477281738165;32.55094758544128;58.131789707398305;86.959797002616751150.3188761393228;26.134527043228836;11.929824561403509;32.8421052631579;57.19298245614035;85.2982456140351
184;00:24;972.016346914557;24.468506925600238;12.49702640551899;32.9950043612719;58.337958924748236;87.158036634684011146.5925198025175;26.103084958534616;11.719298245614034;32.280701754385966;57.12280701754386;84.28070175438597
185;00:24;978.8731960634642;24.658194265793618;12.132265482515265;32.27341210054714;58.131789707398305;85.603837919276831154.7979871961807;26.139975288218142;12.0;32.70175438596491;57.40350877192982;85.40350877192982
186;00:24;974.1307376137263;24.49198594243906;12.433589723257473;32.73332804694314;58.73443818888272;86.967726587899451154.071826171875;26.156729650614306;11.789473684210526;32.63157894736842;57.40350877192982;84.91228070175438
187;00:26;974.9715940065022;24.62691372856498;11.973673776861471;32.511299659027834;58.14764887796368;85.532471651732621157.3947265625;26.16481167529923;11.859649122807017;32.98245614035088;57.19298245614035;85.29824561403508
188;00:24;979.4780149049396;24.655756199870744;11.878518753469194;32.03552454206645;58.66307192133851;85.12409800967411156.1603542751736;26.219979950688245;11.649122807017545;31.859649122807017;57.40350877192982;83.85964912280701
189;00:23;976.18582356127;24.532823325828787;12.23535009119023;32.79676472920466;58.17143763381175;86.353183728490991162.720926920573;26.20177696413464;11.859649122807017;32.771929824561404;57.473684210526315;85.2280701754386
190;00:27;974.2299022819423;24.577974185878844;12.068828800253748;32.54301800015859;58.028705098723336;85.695028150027751167.1542182074652;26.29728772020807;11.929824561403509;31.92982456140351;57.12280701754386;84.35087719298247
191;00:24;974.9145900291733;24.57852919224634;12.084687970819127;32.68575053524701;58.028705098723336;85.869479026246921147.0290242513022;26.01174456438208;11.929824561403509;33.19298245614035;57.26315789473684;85.6842105263158
192;00:24;970.3202039501335;24.54519829779926;11.569264927444294;32.39235587978749;58.41725477757513;84.739513123463641153.827547200521;26.101627376889873;11.228070175438596;32.98245614035088;57.333333333333336;84.10526315789474
193;00:25;972.1279192574417;24.560736008208515;12.362223455713266;31.861073665847275;58.71857901831734;85.944810086432481143.928180609809;26.03894661290973;11.859649122807017;32.421052631578945;56.91228070175438;84.59649122807016
194;00:26;968.7217944181418;24.470731231960066;12.274998017603679;32.661961779398936;58.26659265720403;86.345254143208311147.1728420681425;26.034012119092193;11.43859649122807;32.98245614035088;56.91228070175438;84.3157894736842
195;00:23;960.4504511965981;24.41169415974227;12.037110459122989;32.96328602014115;58.87717072397113;86.47609230037271146.1481146918402;26.105864228298458;11.649122807017545;32.21052631578947;56.56140350877193;83.78947368421052
196;00:25;951.7405582476266;24.245601518151943;12.274998017603679;33.25668067560066;59.00404408849417;87.30869875505511158.9858154296876;26.164272921264562;11.719298245614034;32.8421052631579;56.421052631578945;84.49122807017544
197;00:26;963.595978072927;24.439762313509917;12.013321703274919;32.80469431448735;58.20315597494251;85.932915708508451157.7312567816841;26.14742212840934;12.070175438596491;33.05263157894737;57.19298245614035;85.78947368421053
198;00:26;950.6772413809089;24.31053833825993;11.775434144794227;32.463722147331694;59.14677662358259;85.587978748711441144.5866875542536;26.046486127454468;12.421052631578947;31.789473684210527;57.26315789473684;85.26315789473685
199;00:25;958.1413128237181;24.328203819412348;12.02125128855761;32.78883514392197;58.94853699151535;86.305606216794861156.1981608072917;26.09248538426324;11.508771929824562;32.280701754385966;58.3859649122807;84.49122807017544
200;00:27;964.1309676930874;24.384003976388257;11.99746253270954;32.95535643485846;58.869241138688444;86.384902069621761151.4276489257813;26.07602265629114;11.368421052631579;33.12280701754386;57.75438596491228;84.73684210526316
201;00:25;958.7496286899228;24.398104533540746;11.98160336214416;32.57473634128935;58.25866307192134;85.667274601538341156.365123155382;26.125484705789415;11.368421052631579;32.421052631578945;57.824561403508774;84.0701754385965
202;00:24;953.8517007948477;24.31653385372982;11.799222900642297;32.408215050352865;58.56791689794624;85.290619300610591151.7321750217013;26.074211355362063;11.508771929824562;32.98245614035088;57.12280701754386;84.56140350877193
203;00:24;960.3994196251978;24.458686020143553;12.195702164776781;32.32891919752597;58.37760685116169;85.909126952660371139.9606363932292;25.966235345446208;12.0;32.21052631578947;58.10526315789474;85.26315789473685
204;00:23;959.044873819472;24.39487987370368;11.7199270478154;32.717468876377765;58.97232574736341;85.643485845690261140.0871690538195;25.931372564875225;11.859649122807017;32.8421052631579;57.473684210526315;85.2982456140351
205;00:23;960.3926716092267;24.393455117373467;12.132265482515265;32.812623899770045;59.20228372056142;86.678296725081281138.3153428819444;25.938451078300382;12.0;32.8421052631579;56.70175438596491;85.19298245614036
206;00:23;959.6606415953818;24.29337281944144;12.877646499088097;33.232891919752596;59.06748077075569;88.521925303306631147.194930013021;26.02548837961714;11.578947368421053;32.49122807017544;57.12280701754386;84.21052631578948
207;00:23;951.9009839794304;24.30184148173732;12.473237649670923;32.94742684957577;58.369677265879;87.078740781857121140.1808648003473;25.947052751530233;11.929824561403509;32.70175438596491;57.05263157894737;85.08771929824562
208;00:26;971.8960742805577;24.478289571578145;12.290857188169058;32.49544048846246;58.694790262469276;86.424549996035211133.4165540907118;25.874357079057134;12.0;32.91228070175438;57.05263157894737;85.43859649122807
209;00:24;949.0758451437648;24.268449569452663;11.640631194988503;32.709539291095076;58.97232574736341;85.476964554753791136.3514526367187;25.936229136722538;11.859649122807017;32.49122807017544;57.26315789473684;84.84210526315789
210;00:24;954.6666605889043;24.376938883061147;11.727856633098089;32.28134168582983;58.40932519229244;84.941717548172221135.3727322048612;25.966357676421897;12.210526315789474;32.07017543859649;57.333333333333336;85.15789473684211
211;00:24;948.8511211540125;24.243947383226978;12.179842994211402;32.58266592657204;59.289509158671;86.587106494330341136.6329115125868;25.89380732289716;12.280701754385966;32.98245614035088;56.8421052631579;85.96491228070175
212;00:27;940.0319736142702;24.12948029449972;12.409800967409405;32.979145190706525;58.85338196812307;87.225438109586881142.5709201388888;25.97835796580595;11.859649122807017;32.70175438596491;57.473684210526315;85.15789473684211
213;00:27;946.3016031192827;24.252468350149282;11.98953294742685;32.47165173261438;58.67893109190389;85.790183173420021146.0417521158854;25.97790021927528;12.140350877192983;32.63157894736842;57.6140350877193;85.71929824561403
214;00:24;925.1259028567544;23.915961179142734;12.608040599476647;33.04258187296804;59.487748790738245;88.002537467290451144.850592719184;25.979348861898472;11.578947368421053;32.771929824561404;57.68421052631579;84.7719298245614
215;00:23;934.0757147294056;24.036904548833203;11.98160336214416;33.193243993339145;59.06748077075569;86.69019110300531138.9763075086805;26.011528788808903;12.982456140350877;32.07017543859649;57.26315789473684;86.66666666666667
216;00:24;938.4493973116331;24.065035207552306;11.910237094599953;33.27253984616605;59.31329791451907;86.749662992625491132.892243109809;25.921661165824123;12.140350877192983;32.07017543859649;57.19298245614035;84.94736842105263
217;00:24;927.8100258356408;24.00560336262852;12.26706843232099;32.987074775989214;59.36087542621521;87.20164935373881155.2646674262153;26.085431055422703;12.421052631578947;32.14035087719298;57.96491228070175;85.96491228070175
218;00:25;928.7519635550583;24.011182590608605;12.22742050590754;33.05844104353342;59.47188962017287;87.249226865434931142.5858235677083;26.044396433409524;12.631578947368421;31.57894736842105;56.35087719298246;85.01754385964912
219;00:24;932.4575700784031;24.002726240672025;12.592181428911267;33.232891919752596;59.122987867734516;87.978748711442391171.0284939236112;26.211195973126717;12.701754385964913;33.19298245614035;58.45614035087719;87.82456140350877
220;00:25;936.3902869115902;24.06827448928092;12.195702164776781;33.391483625406394;59.55911505828245;87.562445484101191142.1200737847223;25.88906542354939;12.421052631578947;32.63157894736842;57.75438596491228;86.35087719298245
221;00:27;931.9434932660453;24.007861398584858;12.615970184759338;33.20117357862184;59.44810086432479;88.157164380302921132.5837944878472;25.80826957235539;11.789473684210526;32.91228070175438;57.96491228070175;85.47368421052632
222;00:24;926.6034270081338;23.93909942865026;12.489096820236302;33.42320196653715;59.535326302434385;88.169058758226951134.5763604058159;25.945983655156656;12.070175438596491;32.35087719298246;56.771929824561404;84.87719298245614
223;00:25;928.4069267176375;24.000903261162517;12.060899214971057;33.05051145825073;59.6780588375228;87.011339306954241156.7096381293402;26.10147827006633;12.421052631578947;32.63157894736842;57.68421052631579;86.3157894736842
224;00:24;924.2668607687648;23.969680786764698;11.934025850448021;33.20910316390453;59.3688050114979;86.761557370549531131.8131035698784;25.899701358777246;12.350877192982455;31.789473684210527;56.98245614035088;84.98245614035088
225;00:25;925.6810912313341;23.90063312157226;12.933153596066926;33.53421616049481;59.18642454999603;88.993735627626681139.2914645724827;25.873260036052443;12.140350877192983;32.771929824561404;57.824561403508774;85.96491228070175
226;00:24;923.6320913580399;23.90274859956045;13.258266592657204;33.25668067560066;59.25779081754024;89.402109269685181136.328020562066;25.851079450596394;12.350877192982455;32.63157894736842;57.824561403508774;86.24561403508771
227;00:25;945.2614551399328;24.193453230265575;11.973673776861471;32.96328602014115;58.78201570057886;86.301641424153521138.1482638888888;25.872242494502096;12.280701754385966;32.49122807017544;57.89473684210526;86.0
228;00:26;922.5409375154519;23.935754580700667;12.49702640551899;33.232891919752596;59.36087542621521;87.907382443898191168.4054985894097;26.15506357059759;12.56140350877193;32.8421052631579;57.824561403508774;86.87719298245614
229;00:25;927.0452259691456;24.04063187189683;12.758702719847753;32.987074775989214;58.72650860360003;87.867734517484731131.792731391059;25.794455089522344;12.0;33.05263157894737;57.54385964912281;85.82456140350877
230;00:24;938.1131642788272;24.116625348639275;12.441519308540164;33.17738482277377;59.09919911188645;87.610022995797321133.7442396375868;25.7967444328506;11.578947368421053;33.05263157894737;57.54385964912281;84.98245614035088
231;00:26;920.2782812963558;23.85475782440103;12.195702164776781;33.3835540401237;59.73356593450163;87.641741336928081129.802621799045;25.785272549725825;12.0;32.771929824561404;57.96491228070175;85.75438596491227
232;00:24;922.4217532290688;23.947987677862688;12.338434699865196;33.193243993339145;59.178494964713344;87.459360875426211132.299267578125;25.809678832047126;11.578947368421053;33.19298245614035;57.75438596491228;85.22807017543859
233;00:24;919.0448404432852;23.97664763270111;11.894377924034574;32.503370073745145;59.63048132582666;86.107366584727611138.398088921441;25.868147443634236;12.421052631578947;32.98245614035088;57.89473684210526;86.7719298245614
234;00:24;916.1276277566258;23.789385747064284;12.219490920624851;33.58179367219095;59.5987629846959;87.82015700578861132.468024359809;25.836224615554404;12.210526315789474;32.91228070175438;57.05263157894737;85.85964912280701
235;00:23;920.1745331196845;23.87045539102285;12.393941796844025;32.95535643485846;59.83665054317659;87.661565300134811133.1406589084202;25.865488552891353;11.789473684210526;32.98245614035088;57.40350877192982;85.26315789473685
236;00:25;921.4205327673803;23.91949018401404;12.298786773451749;32.96328602014115;59.33708667036714;87.229402902228221133.015890842014;25.813630993498695;12.350877192982455;32.421052631578945;57.68421052631579;85.96491228070175
237;00:26;928.5804012250296;23.89893886090377;12.7983506462612;33.756244548410116;59.535326302434385;89.120608992149711138.5569607204861;25.867963564882867;12.491228070175438;33.19298245614035;57.6140350877193;86.98245614035088
238;00:26;907.0035819138153;23.701806958154915;12.608040599476647;33.335976528427565;59.89215764015542;88.498136547458561132.3197035047742;25.79265811891338;11.929824561403509;32.49122807017544;57.75438596491228;85.22807017543859
239;00:25;923.6721150458613;23.97802287494363;12.338434699865196;33.01086353183729;59.34501625564983;87.360241059392591134.972439236111;25.820422200868336;12.280701754385966;32.56140350877193;58.10526315789474;86.17543859649123
240;00:25;915.177172233485;23.839218097576236;12.076758385536436;33.4628498929506;59.93180556656887;87.582269447307911139.1635633680555;25.86391166882967;12.0;33.54385964912281;57.96491228070175;86.52631578947368
241;00:27;915.5170463465437;23.871086675773928;12.22742050590754;33.232891919752596;59.40845293791135;87.391959400523351134.6338012695312;25.774393331907156;12.491228070175438;33.12280701754386;58.24561403508772;87.2280701754386
242;00:27;906.820857644383;23.73671364658807;12.370153040995955;33.589723257473636;59.73356593450163;88.196812306716371136.742759874132;25.78848318884186;12.070175438596491;33.40350877192982;58.10526315789474;86.59649122807018
243;00:23;922.7134869925584;23.954468772111593;12.274998017603679;33.09015938466418;59.1388470382999;87.20957893902151135.155064561632;25.81210193984649;11.859649122807017;32.70175438596491;58.175438596491226;85.50877192982456
244;00:24;916.2972371354888;23.89493242191241;11.807152485924986;32.8443422409008;59.33708667036714;86.127190547934351127.5090481228299;25.73061038132976;11.43859649122807;32.8421052631579;57.54385964912281;84.49122807017545
245;00:27;899.9062443600425;23.577773507498993;12.663547696455476;33.47077947823329;60.24898897787646;88.922369360082471135.7896959092882;25.81593121792756;11.789473684210526;32.63157894736842;57.68421052631579;85.05263157894736
246;00:23;914.5255629141119;23.748875895755578;12.7983506462612;33.98620252160812;59.432241693759416;89.299024661010221131.3789388020834;25.771193210381306;11.719298245614034;33.05263157894737;58.10526315789474;85.54385964912281
247;00:23;918.9998155038568;23.713289878190444;12.711125208151614;33.93862500991198;60.415510268812945;89.568630560621681129.7397474500867;25.758276356493727;12.350877192982455;32.98245614035088;57.12280701754386;86.24561403508773
248;00:27;908.9918782391126;23.60663705831944;13.06795654587265;34.04963920386964;60.050749345809216;90.210926968519541128.8130805121527;25.830764602329218;12.912280701754385;32.91228070175438;57.19298245614035;87.33333333333333
249;00:25;903.5597611439379;23.636253564408687;12.560463087780509;33.764174133692805;60.003171834113076;88.886686226310361123.399622938368;25.663900514307368;11.929824561403509;33.54385964912281;57.824561403508774;86.3157894736842
250;00:25;905.1721892924248;23.587519754357203;12.671477281738165;34.335104274046465;60.20934105146301;89.78272936325431131.3789293077257;25.75610979191618;12.140350877192983;33.68421052631579;58.10526315789474;87.01754385964912
251;00:25;892.5918419946598;23.518124528476804;12.53667433193244;33.79589247482357;60.360003171834116;89.04924272460551125.75523952908;25.69758981670819;12.210526315789474;33.12280701754386;57.89473684210526;86.49122807017544
252;00:24;915.3189511069769;23.774099521235197;12.52081516136706;33.819681230671634;59.81286178732852;88.767742447070021129.316182454427;25.73452213632515;11.929824561403509;32.35087719298246;57.54385964912281;84.98245614035088
253;00:24;884.533671859548;23.428058655410688;12.766632305130441;33.58179367219095;60.14590436920149;89.188010467052581129.7160522460938;25.720847379888582;12.771929824561404;33.05263157894737;57.40350877192982;87.2982456140351
254;00:27;902.9985260396064;23.68093870644878;12.274998017603679;33.074300214098805;60.06660851637459;87.657600507493461129.473939344618;25.75367050864338;12.140350877192983;32.771929824561404;57.96491228070175;86.03508771929825
255;00:26;913.7536883776701;23.762553210602093;12.417730552692094;34.0020616921735;59.88422805487273;88.779636824994041128.6414496527777;25.710847919419702;12.140350877192983;33.333333333333336;57.96491228070175;86.59649122807018
256;00:25;882.7594639645347;23.378940263000327;12.639758940607406;33.93069542462929;60.22520022202839;89.322813416858311139.3063829210068;25.799665356636826;12.0;33.40350877192982;57.96491228070175;86.3859649122807
257;00:26;899.4828284154964;23.627082078520385;11.870589168186504;33.66901911030053;60.22520022202839;87.522797557687741127.9203667534723;25.720798147932378;12.070175438596491;33.05263157894737;57.824561403508774;86.10526315789474
258;00:27;899.9887823563588;23.63663759065108;12.55253350249782;33.40734279597177;59.66219966695742;88.343509634446121132.9131740993923;25.75964011413599;12.070175438596491;33.12280701754386;58.10526315789474;86.31578947368422
259;00:24;896.5711129104035;23.64491766865251;11.973673776861471;33.248751090317974;60.058678931091904;87.225438109586861134.6185804578993;25.764935588622404;12.56140350877193;33.333333333333336;57.75438596491228;87.33333333333333
260;00:24;907.8368303902541;23.697669666853855;12.386012211561335;33.510427404646734;60.39172151296487;88.478312584251841131.1885213216146;25.769618373310646;12.280701754385966;32.771929824561404;58.03508771929825;86.35087719298247
261;00:25;895.2994017009494;23.525327582188925;12.417730552692094;33.6928078661486;60.43929902466101;88.747918483863291130.4611735026042;25.722428498626535;12.421052631578947;33.54385964912281;58.03508771929825;87.40350877192982
262;00:23;886.6116856828521;23.449960186859037;12.600111014193958;34.50955515026564;59.99524224883039;89.707398303068741135.498465983073;25.734327841506285;12.140350877192983;33.6140350877193;58.45614035087719;87.12280701754386
263;00:27;889.1113630463806;23.412062589943858;12.742843549282373;34.073427959717705;60.55031321861867;89.834271667591791135.6021104600695;25.77800263604697;12.210526315789474;33.19298245614035;57.89473684210526;86.56140350877193
264;00:26;895.1935967167722;23.608706415083084;12.2591388470383;33.40734279597177;59.99524224883039;87.923241614463561131.0188001844617;25.711533101847746;12.631578947368421;33.473684210526315;57.68421052631579;87.57894736842105
265;00:23;904.014953149723;23.635401065773152;12.449448893822852;33.84346998651971;60.1379747839188;88.811355166124811135.2755357530382;25.78150234465895;12.210526315789474;33.05263157894737;58.31578947368421;86.63157894736842
266;00:25;888.480200060108;23.413566158240354;12.362223455713266;33.97034335104274;60.9071445563397;89.148362540639131127.3039849175348;25.683520240585008;12.0;33.40350877192982;57.75438596491228;86.28070175438596
267;00:26;891.3697896836679;23.54927498376005;12.2591388470383;33.32804694314488;60.16969312504956;87.931171199746251130.1164984809027;25.723554683841908;12.421052631578947;33.26315789473684;57.75438596491228;86.98245614035088
268;00:25;894.7444288036492;23.494188446618367;12.441519308540164;34.065498374435016;60.66132741257632;89.27920069780351129.0453097873265;25.68173572308098;12.912280701754385;33.68421052631579;57.824561403508774;88.42105263157895
269;00:27;905.9408848243423;23.799736884670168;11.910237094599953;33.09808896994687;59.56704464356514;86.702085480929361125.0397962782117;25.665722856490444;12.421052631578947;33.54385964912281;58.03508771929825;87.40350877192982
270;00:24;895.2286932450306;23.466467272730757;12.703195622868924;34.05756878915233;60.82784870351281;89.877884386646581122.5852837456598;25.652986487220314;11.929824561403509;33.333333333333336;57.75438596491228;86.0701754385965
271;00:25;896.2700462631033;23.641556720919752;12.171913408928713;33.335976528427565;60.04281976052653;87.701213226548251123.6241522894966;25.637243892671236;12.842105263157896;33.333333333333336;58.10526315789474;88.0701754385965
272;00:23;903.3259441906893;23.657271939193052;12.631829355324717;33.597652842756325;59.97938307826501;88.851003092538261130.2125447591145;25.69127598979504;12.631578947368421;33.333333333333336;57.473684210526315;87.33333333333334
273;00:24;892.1536761706388;23.584686563101123;12.298786773451749;33.58179367219095;59.89215764015542;88.125446039172151139.3074517144098;25.79410293022402;11.929824561403509;34.10526315789474;58.31578947368421;87.12280701754386
274;00:24;890.9225721914557;23.48998487385359;12.354293870430576;33.63730076916977;60.20934105146301;88.450559035762421127.4271185980904;25.72251674234867;12.280701754385966;33.473684210526315;57.26315789473684;86.66666666666667
275;00:23;890.6132666479183;23.516773630625213;13.012449448893824;33.645230354452465;60.77234160653398;90.056300055507111124.6506944444445;25.67355964588963;12.0;33.75438596491228;58.03508771929825;86.7719298245614
276;00:26;885.8543109362638;23.423959559023004;12.7983506462612;34.13686464197922;60.4472286099437;89.957180239473471131.8669284396701;25.693682300012096;12.491228070175438;33.68421052631579;57.68421052631579;87.50877192982456
277;00:23;889.4242223039458;23.453628911164476;12.441519308540164;33.811751645388945;60.81991911823012;89.104749821584331129.566581217448;25.69143589984358;12.842105263157896;33.68421052631579;58.03508771929825;88.3859649122807
278;00:23;897.969258059731;23.56437190269682;12.639758940607406;33.819681230671634;59.9080168107208;89.053207517246851131.8876858181425;25.710087313546854;12.491228070175438;33.40350877192982;57.89473684210526;87.33333333333333
279;00:23;885.3219025817099;23.506597592046617;12.592181428911267;33.82761081595432;60.03489017524384;89.029418761398771123.046421983507;25.619089045419415;12.631578947368421;33.19298245614035;57.89473684210526;87.40350877192982
280;00:23;896.5078392318533;23.557074710955096;12.370153040995955;34.168582983109985;59.99524224883039;88.906510189517091122.6183620876736;25.61477630070222;12.280701754385966;33.54385964912281;58.10526315789474;87.15789473684211
281;00:23;888.9922122231013;23.45023429970363;12.615970184759338;33.819681230671634;60.70890492427246;89.406074062326541123.628899468316;25.63306893714113;12.912280701754385;33.26315789473684;58.10526315789474;88.14035087719299
282;00:23;879.4800844602947;23.37815856534029;12.457378479105543;33.93069542462929;60.69304575370708;89.191975259693921134.1191460503471;25.705454688037143;12.280701754385966;33.75438596491228;58.3859649122807;87.50877192982456
283;00:27;892.4463763659513;23.583564921231147;12.338434699865196;33.391483625406394;60.40758068353025;88.272143366901911118.0220540364583;25.553285369277;12.701754385964913;33.96491228070175;58.24561403508772;88.49122807017544
284;00:23;886.0852750754054;23.41151831188251;12.600111014193958;33.859329157085085;60.51859487748791;89.318848624216951123.7495863172744;25.61787740260947;12.701754385964913;33.824561403508774;57.6140350877193;88.03508771929825
285;00:26;885.574662452408;23.4880807645336;12.441519308540164;33.6928078661486;60.03489017524384;88.593291570850851124.0741861979166;25.647894510996885;12.701754385964913;32.98245614035088;57.473684210526315;87.12280701754386
286;00:24;910.7990908852106;23.712746875913115;12.584251843628579;33.40734279597177;59.87629846959004;88.513995718023951128.7422607421875;25.679944724954808;12.771929824561404;33.19298245614035;57.68421052631579;87.57894736842105
287;00:25;893.5544674643987;23.562374688631103;12.560463087780509;33.550075331060185;60.13004519863611;88.736024105939261128.419886610243;25.65036606961995;12.56140350877193;33.333333333333336;58.24561403508772;87.57894736842105
288;00:26;899.5790246118473;23.658209043445716;12.51288557608437;33.13773689636032;60.2965664895726;88.311791293315371125.995822482639;25.65687764043512;12.56140350877193;33.54385964912281;57.6140350877193;87.47368421052633
289;00:24;875.2988966543463;23.30014502170421;12.734913963999682;34.224090080088814;60.61374990088019;90.000792958528271123.4958129882812;25.627244415392287;13.052631578947368;33.68421052631579;57.89473684210526;88.73684210526315
290;00:26;883.472639484647;23.36011888061646;12.306716358734437;34.485766394417574;60.58996114503211;89.39417968440251127.2964884440105;25.643317916171227;12.280701754385966;33.19298245614035;58.24561403508772;86.87719298245614
291;00:25;892.1655050543291;23.483069623987298;12.53667433193244;34.00999127745619;60.24898897787646;89.20783443025931126.034360080295;25.634040074917227;12.421052631578947;33.824561403508774;58.03508771929825;87.6842105263158
292;00:25;875.0998662924464;23.254905536436805;12.82213940210927;33.962413765760054;60.264848148441835;89.739116644199511125.6568400065105;25.646990164198904;12.912280701754385;32.98245614035088;57.824561403508774;87.71929824561403
293;00:25;890.1967161540744;23.484638836237952;12.726984378716994;33.43906113710253;60.18555229561494;88.985806042343981128.3559190538194;25.666054216884323;12.771929824561404;33.26315789473684;58.3859649122807;88.0
294;00:25;894.8142015674446;23.51618834141748;12.26706843232099;34.29545634763302;60.17762271033225;88.918404567441131124.3627549913194;25.612376574655762;12.701754385964913;33.54385964912281;58.10526315789474;88.0
295;00:24;890.999547026429;23.42922825821192;12.861787328522718;34.29545634763302;60.28863690428991;90.163349456823411139.016950141059;25.787811495840938;11.789473684210526;33.54385964912281;58.3859649122807;86.31578947368422
296;00:26;874.1420464238034;23.20706839761402;13.504083736420585;34.40647054159067;60.92300372690508;91.876139877884381125.3906778971354;25.633344686966318;13.052631578947368;33.824561403508774;58.175438596491226;89.01754385964912
297;00:26;873.2091376582279;23.270111043140574;12.679406867020855;33.82761081595432;60.81991911823012;89.596384109111091125.3337972005208;25.653617176588845;12.56140350877193;33.40350877192982;57.75438596491228;87.40350877192982
298;00:25;893.9245096327384;23.51538559763775;12.51288557608437;34.26373800650226;60.39965109824756;89.489334707794771133.0321940104166;25.705805945844432;11.298245614035087;33.54385964912281;58.10526315789474;85.19298245614036
299;00:24;895.6035965158969;23.54652315843197;12.401871382126714;33.558004916342874;60.18555229561494;88.454523828403781137.820780436198;25.765550641764225;12.421052631578947;33.54385964912281;58.10526315789474;87.43859649122807
300;00:27;890.4568758807604;23.457831896145194;12.82213940210927;34.30338593291571;60.23312980731108;90.064229640789791125.3110690646702;25.595320192037843;12.350877192982455;33.6140350877193;57.68421052631579;87.15789473684211
301;00:24;883.8636109171034;23.34171893525798;12.996590278328444;34.18444215367536;60.5978907303148;90.476568075489651128.3364501953124;25.65432459846431;12.0;33.473684210526315;57.6140350877193;86.28070175438597
302;00:23;877.8934473737886;23.26046887930121;12.663547696455476;34.57299183252716;61.07366584727619;90.43692014907621130.260275607639;25.690363356841154;12.421052631578947;33.89473684210526;57.96491228070175;87.71929824561403
303;00:26;873.5509786485117;23.224977146368968;13.028308619459203;34.382681785742605;60.835778288795495;90.857188169058761132.5099636501736;25.714847001978775;12.070175438596491;33.6140350877193;58.175438596491226;86.8421052631579
304;00:24;877.9315732545491;23.307735420639318;12.22742050590754;34.36682261517723;61.05780667671081;89.350566965347711129.7787163628473;25.692954572256095;12.912280701754385;33.40350877192982;58.3859649122807;88.42105263157893
305;00:23;869.578438519828;23.299102401543987;12.298786773451749;33.56593450162556;60.49480612163984;88.410911109348971127.881083170573;25.66820763369012;12.210526315789474;33.40350877192982;58.175438596491226;86.91228070175438
306;00:23;870.9732949558693;23.18738731358216;12.941083181349615;34.3113155181984;61.041947506145426;90.714455633970351125.190367296007;25.635703628183972;12.280701754385966;34.175438596491226;58.3859649122807;87.9298245614035
307;00:23;870.6772150739839;23.213023605306127;12.409800967409405;34.10514630084847;60.99436999444929;89.421933232891931125.1552476671006;25.5911591007429;11.929824561403509;34.31578947368421;58.31578947368421;87.33333333333334
308;00:25;870.5236015995847;23.214164572234267;12.7983506462612;34.50162556498295;60.367932757116805;90.282293236063771123.4462144639756;25.60387473022626;12.280701754385966;33.824561403508774;57.89473684210526;87.33333333333334
309;00:25;873.3368766688093;23.213003054992708;12.481167234953611;34.40647054159067;61.54151137895488;90.139560700975341126.8998996310763;25.63255917071517;12.210526315789474;33.473684210526315;58.10526315789474;86.94736842105263
310;00:23;883.0816661979578;23.40295643788735;12.663547696455476;33.6928078661486;60.415510268812945;89.227658393466021120.6796725802951;25.565082936310297;12.631578947368421;34.526315789473685;58.03508771929825;88.80701754385964
311;00:26;870.0749986093256;23.195642783800885;12.988660693045754;34.176512568392674;60.99436999444929;90.651018951708831121.358405219184;25.60213234588212;12.350877192982455;33.40350877192982;58.10526315789474;87.15789473684211
312;00:24;877.1279471481903;23.248778795495525;13.08381571643803;34.85845690270399;60.72476409483784;91.388470382998971125.8709513346355;25.60046870264353;12.280701754385966;34.24561403508772;58.59649122807018;88.10526315789474
313;00:25;877.4901438266417;23.344527744228326;12.647688525890096;33.851399571802396;60.534454048053284;89.414003647609231123.2760362413194;25.596632505339738;12.421052631578947;33.333333333333336;58.80701754385965;87.57894736842105
314;00:25;874.6406029037282;23.26239664780628;12.481167234953611;34.3113155181984;60.77234160653398;89.659820791372611124.6260077582465;25.608145534193596;12.842105263157896;33.473684210526315;58.24561403508772;88.28070175438597
315;00:24;886.9024743575084;23.382315092779823;12.933153596066926;33.78796288954088;61.01815875029736;90.163349456823411119.6998440212674;25.5276519038124;12.771929824561404;33.26315789473684;58.10526315789474;87.85964912280701
316;00:24;883.1859151719492;23.38852186132584;12.663547696455476;34.04170961858695;60.367932757116805;89.552771390056311130.0772637261284;25.668728299857744;11.929824561403509;33.26315789473684;58.10526315789474;86.17543859649123
317;00:23;881.2322134090375;23.385096530747063;12.156054238363334;33.510427404646734;60.76441202125129;88.204741891999051123.1708048502603;25.602568516349482;11.859649122807017;33.89473684210526;58.24561403508772;86.73684210526315
318;00:23;873.2782731840882;23.241042633514994;12.600111014193958;34.25580842121957;60.55824280390136;89.735151851558161120.4854994032119;25.56841106701131;12.0;33.89473684210526;57.54385964912281;86.66666666666666
319;00:25;877.4812712464152;23.360004945772108;11.957814606296091;33.756244548410116;61.01022916501467;88.176988343509631122.7126844618056;25.58261189854223;12.070175438596491;34.10526315789474;58.10526315789474;87.2982456140351
320;00:24;867.2846329701098;23.183005667261718;12.7983506462612;34.160653397827296;61.35120133217033;90.432955356434861120.071177842882;25.552223464944003;13.263157894736842;34.175438596491226;57.89473684210526;89.64912280701753
321;00:23;869.3980109492435;23.32597407640512;12.203631750059472;32.93949726429308;60.51066529220522;87.602093410514641125.842130533854;25.60714518842744;12.421052631578947;33.89473684210526;58.03508771929825;87.75438596491227
322;00:24;877.5696348552462;23.24900514606371;13.321703274918722;34.747442708746334;60.64546824201094;91.713583379589251129.1771457248265;25.658589829338922;11.578947368421053;34.31578947368421;58.31578947368421;86.63157894736842
323;00:26;869.1982477501978;23.16687044092623;12.790421060978511;34.54920307667909;60.92300372690508;90.591547062088651120.643017578125;25.5844305496395;12.771929824561404;34.03508771929825;58.10526315789474;88.63157894736842
324;00:26;869.3650098197068;23.172604797929843;12.877646499088097;34.35096344461185;61.049877091428115;90.63119498850211119.707588704427;25.56951556912824;12.421052631578947;33.473684210526315;58.03508771929825;87.33333333333333
325;00:24;871.3019612372676;23.269767428290113;12.623899770042026;33.645230354452465;61.367060502735704;89.576560145904371125.3142049153646;25.62202838254131;12.982456140350877;33.473684210526315;58.03508771929825;88.45614035087719
326;00:25;888.4918776113776;23.443628094524524;12.171913408928713;33.99413210689081;60.63753865672825;88.656728253112361122.2570665147568;25.572132284442585;11.929824561403509;34.10526315789474;58.10526315789474;87.01754385964912
327;00:24;867.5762170719195;23.183046560817033;12.742843549282373;34.08928713028309;60.89921497105701;90.024581714376341121.3478542751736;25.545940985106952;12.56140350877193;34.10526315789474;57.75438596491228;88.10526315789474
328;00:24;877.3216636174842;23.29335116614835;12.734913963999682;33.803822060106256;60.76441202125129;89.655855998731251121.4779039171008;25.551970147716453;12.701754385964913;34.24561403508772;57.89473684210526;88.59649122807018
329;00:24;877.0840267133109;23.34103024284265;12.83799857267465;33.914836254063914;60.20934105146301;89.695503925144721127.1258395724826;25.62007807051045;12.070175438596491;33.89473684210526;57.96491228070175;87.01754385964912
330;00:23;874.2785500055627;23.227545753794132;12.711125208151614;34.60471017365792;60.81198953294743;90.432955356434861120.872035047743;25.561614920987804;12.140350877192983;34.3859649122807;58.45614035087719;87.89473684210526
331;00:23;877.483370392232;23.36655525816015;12.600111014193958;33.40734279597177;60.81991911823012;89.017524383474751130.5880208333333;25.660801854379038;11.578947368421053;34.526315789473685;58.73684210526316;87.05263157894737
332;00:25;876.4721424730518;23.31550577112831;13.242407422091825;33.73245579256205;60.217270636745695;90.325905955118541118.8523681640625;25.520799782521586;13.192982456140351;33.96491228070175;57.824561403508774;89.26315789473684
333;00:24;871.6923492817939;23.23264167639761;12.51288557608437;33.78003330425819;61.07366584727619;89.342637380065011123.041608344184;25.578885251439473;12.350877192982455;33.75438596491228;58.24561403508772;87.57894736842105
334;00:25;875.3690574163123;23.280180388833283;12.996590278328444;33.83554040123702;60.66132741257632;90.159384664182071122.113734266493;25.54226743563328;13.12280701754386;33.19298245614035;57.89473684210526;88.3859649122807
335;00:23;877.2521261867089;23.29401219590304;12.925224010784236;34.31924510348109;60.87542621520895;90.607406232654031117.6196180555555;25.510639057439917;12.842105263157896;34.03508771929825;58.31578947368421;88.87719298245615
336;00:23;870.8178015600276;23.156803587542743;12.52081516136706;34.684006026484816;61.20846879708191;90.32987074775991119.9958835177952;25.55129501903369;12.491228070175438;34.175438596491226;58.03508771929825;88.17543859649123
337;00:23;867.2667645804489;23.155691658155323;12.576322258345888;34.2320196653715;60.89921497105701;89.834271667591781121.2001546223958;25.547844533359303;12.771929824561404;34.45614035087719;57.89473684210526;88.94736842105263
338;00:23;869.0872265006923;23.255554741729085;12.457378479105543;33.645230354452465;60.73269368012053;88.926334152723831119.8007663302951;25.552030540798224;13.12280701754386;34.3859649122807;58.175438596491226;89.71929824561403
339;00:27;867.987012954905;23.201574394296863;13.028308619459203;34.10514630084847;60.85956704464356;90.591547062088651124.692494032118;25.59156432017392;12.771929824561404;33.96491228070175;58.31578947368421;88.66666666666667
340;00:23;870.3460896552364;23.292874369821327;12.378082626278646;33.25668067560066;60.843707874078184;88.434699865197051119.5290473090279;25.54152120256346;12.56140350877193;33.89473684210526;58.24561403508772;88.14035087719299
341;00:24;866.6798120426226;23.15167710816543;12.639758940607406;34.35096344461185;61.145032114820395;90.202997383236861122.6470336914062;25.55676296026099;12.701754385964913;33.96491228070175;58.24561403508772;88.49122807017544
342;00:25;868.0927115138574;23.17529418956909;12.901435254936167;34.176512568392674;60.87542621520895;90.417096185869481120.9342502170139;25.57155015160835;12.280701754385966;34.03508771929825;58.45614035087719;87.82456140350877
343;00:27;869.8050075869018;23.24959357471091;11.973673776861471;34.51748473554833;60.85956704464356;88.894615811593061125.843157280816;25.614681843234823;12.56140350877193;34.10526315789474;58.03508771929825;88.24561403508773
344;00:27;863.6091283098052;23.198649368424533;12.274998017603679;33.48663864879867;61.303623820474186;88.688446594243121123.5673461914062;25.560050207882927;12.56140350877193;33.89473684210526;58.10526315789474;88.0701754385965
345;00:24;866.4195666735685;23.159794320775987;12.687336452303544;34.343033859329154;60.89921497105701;90.167314249464751128.0439141167535;25.6534391154456;11.929824561403509;33.824561403508774;58.24561403508772;86.80701754385966
346;00:23;869.240625;23.24035547036758;12.354293870430576;33.97034335104274;61.200539211799224;89.27920069780351123.6504638671875;25.588295214920265;11.649122807017545;33.96491228070175;58.31578947368421;86.42105263157895
347;00:24;853.4526402340659;22.953598408982597;12.766632305130441;34.31924510348109;61.62873681706447;90.66687812227421124.1858846028647;25.582880288343024;12.070175438596491;33.54385964912281;58.03508771929825;86.70175438596492
348;00:25;868.7795092618918;23.311659426218537;12.51288557608437;33.66901911030053;60.47894695107446;88.93426373800651127.262605794271;25.623448130761098;11.789473684210526;33.68421052631579;58.45614035087719;86.49122807017542
349;00:25;871.5060865957525;23.15192862961139;13.416858298310999;34.85845690270399;61.11331377368963;92.248830386170811128.5699164496527;25.61819486460265;12.350877192982455;33.68421052631579;58.175438596491226;87.47368421052632
350;00:25;863.9373807110364;23.177685106344487;12.703195622868924;34.18444215367536;60.97058123860122;90.076124018713831122.3095418294272;25.56306912199734;12.771929824561404;34.24561403508772;57.824561403508774;88.70175438596492
351;00:26;870.6546400625494;23.271424038048032;12.393941796844025;34.02585044802157;60.95472206803584;89.291095075727541122.9255927191841;25.582980998454527;12.421052631578947;34.3859649122807;57.75438596491228;88.10526315789473
352;00:25;861.9553090542178;23.15258001566782;12.092617556101816;33.93862500991198;61.23225755292998;88.73998889858061124.6293497721354;25.61946818565621;12.421052631578947;33.6140350877193;57.96491228070175;87.43859649122807
353;00:23;865.5238783437994;23.09269209327137;12.481167234953611;34.57299183252716;61.31948299103957;90.195067797954171124.721366373698;25.594427449699324;12.140350877192983;34.10526315789474;58.10526315789474;87.43859649122808
354;00:23;870.8341309366347;23.30762785718411;12.655618111172785;33.84346998651971;60.312425660137976;89.310919038934261124.280155436198;25.593279958238785;12.280701754385966;33.6140350877193;58.31578947368421;87.33333333333334
355;00:24;874.3431359399723;23.27978552830276;12.861787328522718;34.36682261517723;60.81198953294743;90.496392038696371119.2260972764757;25.5405606238281;12.771929824561404;34.3859649122807;58.3859649122807;89.12280701754386
356;00:24;863.8101877719541;23.109425758629577;12.933153596066926;34.24787883593688;61.39084925858378;90.809610657362631128.8559448242188;25.627784356981323;11.508771929824562;33.89473684210526;58.45614035087719;86.14035087719299
357;00:25;868.128081193755;23.20918055359561;12.132265482515265;33.93069542462929;61.27983506462612;88.835143921972891117.7156765407985;25.51349484844535;12.0;34.59649122807018;58.03508771929825;87.6140350877193
358;00:24;864.2013041435918;23.053561470828527;13.527872492268655;35.09634446118468;61.08952501784157;92.696851954642771121.4765991210938;25.553607097014883;11.789473684210526;34.24561403508772;57.75438596491228;86.7017543859649
359;00:24;862.3542622626583;23.067379813359164;12.766632305130441;34.54920307667909;61.27983506462612;90.722385219253041120.2861518012153;25.555132772213494;12.421052631578947;33.824561403508774;58.175438596491226;87.75438596491229
360;00:24;872.0796876545194;23.20824532280892;12.306716358734437;34.45404805328681;60.9071445563397;89.521053048925541130.678592936198;25.66750110286513;11.789473684210526;34.10526315789474;58.10526315789474;86.73684210526316
361;00:26;870.7475619931764;23.23813589814724;13.313773689636031;34.20030132424074;60.4472286099437;91.051463008484651125.749092610677;25.607280858864193;12.280701754385966;33.75438596491228;57.89473684210526;87.26315789473685
362;00:25;862.2612613726266;23.08208161498467;12.933153596066926;34.66814685591944;60.92300372690508;90.995955911505831122.9286824544272;25.556834528025462;11.859649122807017;34.24561403508772;57.89473684210526;86.91228070175438
363;00:23;879.4520638381379;23.354072245651313;12.893505669653477;33.97034335104274;60.34414400126873;89.929426690984061126.475075954861;25.609790326762045;11.508771929824562;34.24561403508772;57.824561403508774;86.17543859649123
364;00:25;867.5698957998542;23.163878469285702;12.55253350249782;34.00999127745619;61.03401792086274;89.63206724288321124.9873928493923;25.600684228578423;11.508771929824562;33.96491228070175;57.96491228070175;85.96491228070175
365;00:25;869.6974688179886;23.22002227376313;12.790421060978511;34.224090080088814;60.72476409483784;90.167314249464751124.0502848307292;25.594689070808343;12.210526315789474;34.175438596491226;58.31578947368421;87.75438596491229
366;00:27;855.1551645785947;22.998084334793347;13.194829910395686;34.54920307667909;61.32741257632226;91.60256918563161122.366573079427;25.570427629254223;12.421052631578947;34.175438596491226;58.45614035087719;88.24561403508773
367;00:24;858.592082581339;23.088404625250252;12.869716913805409;33.87518832765046;61.47807469669336;90.353659503607961122.7436672634549;25.583111302155295;12.350877192982455;34.24561403508772;58.10526315789474;88.0
368;00:24;857.7972466191159;23.038345673633938;12.758702719847753;34.216160494806125;61.3749900880184;90.421060978510821122.1523559570312;25.55249434436848;11.929824561403509;34.31578947368421;58.45614035087719;87.40350877192984
369;00:24;861.4203305787678;23.098528888523735;12.647688525890096;34.29545634763302;61.38291967330109;90.282293236063771119.9928588867188;25.536462097230302;12.280701754385966;34.24561403508772;58.31578947368421;87.96491228070175
370;00:26;871.0402504450158;23.25496131473649;12.457378479105543;34.04170961858695;60.58996114503211;89.251447149314091124.61953125;25.57927429286483;12.421052631578947;34.175438596491226;57.96491228070175;88.0
371;00:23;857.5993961382516;22.993647924898674;12.917294425501547;34.88224565855206;61.48600428197605;91.459836650543181121.4130276150174;25.555477587752094;12.0;34.175438596491226;58.10526315789474;87.2280701754386
372;00:23;881.1328481939775;23.272815313235608;12.988660693045754;34.422329712156056;60.82784870351281;90.813575450003971128.0981255425347;25.621369253517756;11.789473684210526;34.03508771929825;58.175438596491226;86.70175438596492
373;00:25;872.8074197117286;23.26099153714891;12.449448893822852;34.3113155181984;60.47101736579177;89.445721988739991122.985456000434;25.562279901531788;12.771929824561404;33.96491228070175;57.75438596491228;88.3859649122807
374;00:25;861.8717664501335;23.16404600779404;12.465308064388232;33.898977083498536;60.9864404091666;89.32281341685831119.7636732313367;25.539248608452045;12.280701754385966;34.175438596491226;58.31578947368421;87.89473684210526
375;00:24;871.535166525539;23.255073709846357;12.703195622868924;33.819681230671634;60.33621441598604;89.39417968440251121.7266994900174;25.57413897144249;12.56140350877193;33.89473684210526;58.10526315789474;88.0701754385965
376;00:24;852.707977507386;22.866450736928684;12.80628023154389;34.96947109666164;61.70803266989137;91.436047894695111123.5140950520833;25.55125088306034;12.0;33.824561403508774;58.31578947368421;86.98245614035088
377;00:24;865.1464467495302;23.064521614462137;12.734913963999682;34.71572436761557;61.32741257632226;90.849258583776081121.7114013671876;25.570792671453717;12.210526315789474;33.68421052631579;58.3859649122807;87.2982456140351
378;00:26;868.135737436029;23.042795605462373;13.171041154547618;34.96947109666164;61.39084925858378;92.006978035048771117.692557779948;25.502303511956157;12.701754385964913;34.31578947368421;58.10526315789474;88.77192982456141
379;00:26;861.0026405817346;23.04283795502854;12.298786773451749;34.699865197050194;61.42256759971453;90.008722543810961115.8840630425348;25.496943802440086;12.280701754385966;34.03508771929825;58.24561403508772;87.71929824561404
380;00:24;876.1319254042227;23.205952308296308;13.297914519070652;34.44611846800412;60.50273570692253;91.29331535960671125.346504720052;25.602077986952523;12.350877192982455;33.75438596491228;57.96491228070175;87.43859649122807
381;00:25;864.4010165057605;23.072823484157084;13.178970739830307;34.70779478233288;61.26397589406074;91.697724209023861121.5154391818576;25.574052009960404;12.771929824561404;34.59649122807018;58.175438596491226;89.2280701754386
382;00:24;853.0274376205251;22.940652878967583;13.08381571643803;34.80294980572516;61.54944096423757;91.745301720720011124.322063530816;25.593913626573446;12.0;33.824561403508774;58.24561403508772;86.94736842105263
383;00:24;856.0609700263301;23.038325630083193;12.473237649670923;34.03378003330426;61.35120133217033;89.655855998731271118.2589369032119;25.522839468405916;12.56140350877193;34.45614035087719;58.24561403508772;88.70175438596492
384;00:25;864.6482220999802;23.131320439783643;12.600111014193958;34.6205693442233;60.9071445563397;90.274363650781051116.4378607855904;25.500050868571194;12.421052631578947;34.175438596491226;58.31578947368421;88.17543859649123
385;00:24;863.0542935335184;23.120498443674688;12.742843549282373;34.168582983109985;60.50273570692253;89.9056379351361123.0259874131943;25.55132510991268;12.070175438596491;33.89473684210526;57.89473684210526;86.98245614035088
386;00:24;858.530745957773;23.12248395744098;12.592181428911267;34.14479422726191;61.22432796764729;89.94132106890811129.956480577257;25.626336458227993;11.649122807017545;33.89473684210526;57.89473684210526;86.14035087719299
